Product name,Product image
Instastrip 1,products/instastrip-1.jpg
Instastrip 2,products/instastrip-2.jpg
Instastrip 3,products/instastrip-3.jpg
Instastrip 4,products/instastrip-4.jpg
Instastrip 5,products/instastrip-5.jpg
Instastrip 6,products/instastrip-6.jpg
Neutral detergent 1,products/neutral-detergent-1.jpg
Neutral detergent 2,products/neutral-detergent-2.jpg
Neutral detergent 3,products/neutral-detergent-3.jpg
Neutral detergent 4,products/neutral-detergent-4.jpg
Neutral detergent 5,products/neutral-detergent-5.jpg
Neutral detergent 6,products/neutral-detergent-6.jpg
Surface Clean HD 1,products/surface-clean-hd-1.jpg
Surface Clean HD 2,products/surface-clean-hd-2.jpg
Surface Clean HD 3,products/surface-clean-hd-3.jpg
Surface Clean HD 4,products/surface-clean-hd-4.jpg
Surface Clean HD 5,products/surface-clean-hd-5.jpg
Surface Clean HD 6,products/surface-clean-hd-6.jpg